{
  "framework": "vllm",
  "model": "Qwen/Qwen2.5-1.5B-Instruct-AWQ",
  "dtype": "float16",
  "quantization": "awq",
  "gpu_memory_serving_mb": 19458.0,
  "short_prompts": {
    "1": {
      "num_requests": 1,
      "concurrency": 1,
      "total_time_s": 1.077542346996779,
      "avg_ttft_s": 0.9334808419989713,
      "avg_tokens_per_sec": 7.425073127637007,
      "total_throughput_tps": 7.424302183850889,
      "avg_latency_s": 1.0774304660008056,
      "per_request": [
        {
          "request_id": 0,
          "input_tokens": 36,
          "output_tokens": 8,
          "total_time_s": 1.0774304660008056,
          "ttft_s": 0.9334808419989713,
          "tokens_per_sec": 7.425073127637007
        }
      ],
      "gpu_memory_mb": 19460.0
    },
    "2": {
      "num_requests": 2,
      "concurrency": 2,
      "total_time_s": 0.5742314439994516,
      "avg_ttft_s": 0.052408180501515744,
      "avg_tokens_per_sec": 35.03263465732815,
      "total_throughput_tps": 52.243743029907385,
      "avg_latency_s": 0.413006487500752,
      "per_request": [
        {
          "request_id": 0,
          "input_tokens": 36,
          "output_tokens": 8,
          "total_time_s": 0.2521255249994283,
          "ttft_s": 0.06534976600232767,
          "tokens_per_sec": 31.73022644184138
        },
        {
          "request_id": 1,
          "input_tokens": 40,
          "output_tokens": 22,
          "total_time_s": 0.5738874500020756,
          "ttft_s": 0.03946659500070382,
          "tokens_per_sec": 38.335042872814924
        }
      ],
      "gpu_memory_mb": 19460.0
    },
    "4": {
      "num_requests": 4,
      "concurrency": 4,
      "total_time_s": 7.055512489998364,
      "avg_ttft_s": 0.061004837750260776,
      "avg_tokens_per_sec": 34.219554883353034,
      "total_throughput_tps": 76.81936652628981,
      "avg_latency_s": 3.749650739750905,
      "per_request": [
        {
          "request_id": 0,
          "input_tokens": 36,
          "output_tokens": 8,
          "total_time_s": 0.26451734399961424,
          "ttft_s": 0.06769013599841855,
          "tokens_per_sec": 30.24376352429906
        },
        {
          "request_id": 1,
          "input_tokens": 40,
          "output_tokens": 22,
          "total_time_s": 0.6482590030027495,
          "ttft_s": 0.06735787200159393,
          "tokens_per_sec": 33.93705277997765
        },
        {
          "request_id": 2,
          "input_tokens": 41,
          "output_tokens": 256,
          "total_time_s": 7.030824277000647,
          "ttft_s": 0.04164845600098488,
          "tokens_per_sec": 36.411093481234
        },
        {
          "request_id": 3,
          "input_tokens": 38,
          "output_tokens": 256,
          "total_time_s": 7.055002335000609,
          "ttft_s": 0.06732288700004574,
          "tokens_per_sec": 36.28630974790144
        }
      ],
      "gpu_memory_mb": 19460.0
    },
    "8": {
      "num_requests": 8,
      "concurrency": 8,
      "total_time_s": 7.1802859809977235,
      "avg_ttft_s": 0.07275683912575914,
      "avg_tokens_per_sec": 33.95626958936546,
      "total_throughput_tps": 153.19724073819572,
      "avg_latency_s": 3.875285587000235,
      "per_request": [
        {
          "request_id": 0,
          "input_tokens": 36,
          "output_tokens": 8,
          "total_time_s": 0.27004900599786197,
          "ttft_s": 0.07678524600123637,
          "tokens_per_sec": 29.62425271827639
        },
        {
          "request_id": 1,
          "input_tokens": 40,
          "output_tokens": 22,
          "total_time_s": 0.6538709460000973,
          "ttft_s": 0.07680471999992733,
          "tokens_per_sec": 33.64578306251388
        },
        {
          "request_id": 2,
          "input_tokens": 41,
          "output_tokens": 256,
          "total_time_s": 7.1797436909982935,
          "ttft_s": 0.07658065400028136,
          "tokens_per_sec": 35.655868930385864
        },
        {
          "request_id": 3,
          "input_tokens": 38,
          "output_tokens": 256,
          "total_time_s": 7.17969868200089,
          "ttft_s": 0.07635590300196782,
          "tokens_per_sec": 35.656092454378054
        },
        {
          "request_id": 4,
          "input_tokens": 40,
          "output_tokens": 9,
          "total_time_s": 0.29660383600275964,
          "ttft_s": 0.07613104399933945,
          "tokens_per_sec": 30.343505064837608
        },
        {
          "request_id": 5,
          "input_tokens": 38,
          "output_tokens": 159,
          "total_time_s": 4.456294986001012,
          "ttft_s": 0.04713269900094019,
          "tokens_per_sec": 35.67986421443867
        },
        {
          "request_id": 6,
          "input_tokens": 36,
          "output_tokens": 134,
          "total_time_s": 3.7867405920005694,
          "ttft_s": 0.07603752000068198,
          "tokens_per_sec": 35.386633106865816
        },
        {
          "request_id": 7,
          "input_tokens": 38,
          "output_tokens": 256,
          "total_time_s": 7.179282957000396,
          "ttft_s": 0.07622692700169864,
          "tokens_per_sec": 35.65815716322739
        }
      ],
      "gpu_memory_mb": 19460.0
    },
    "16": {
      "num_requests": 16,
      "concurrency": 16,
      "total_time_s": 7.458276535999175,
      "avg_ttft_s": 0.19725486431252648,
      "avg_tokens_per_sec": 31.108545363304945,
      "total_throughput_tps": 291.89049098571,
      "avg_latency_s": 4.047764077187821,
      "per_request": [
        {
          "request_id": 0,
          "input_tokens": 36,
          "output_tokens": 8,
          "total_time_s": 0.39684056300029624,
          "ttft_s": 0.20742015399810043,
          "tokens_per_sec": 20.159229539229404
        },
        {
          "request_id": 1,
          "input_tokens": 40,
          "output_tokens": 22,
          "total_time_s": 0.7647408539996832,
          "ttft_s": 0.061577414999192115,
          "tokens_per_sec": 28.76791515052119
        },
        {
          "request_id": 2,
          "input_tokens": 41,
          "output_tokens": 256,
          "total_time_s": 7.45774325900129,
          "ttft_s": 0.2068180719979864,
          "tokens_per_sec": 34.3267381444132
        },
        {
          "request_id": 3,
          "input_tokens": 38,
          "output_tokens": 256,
          "total_time_s": 7.457492830999399,
          "ttft_s": 0.2070100069977343,
          "tokens_per_sec": 34.327890861102276
        },
        {
          "request_id": 4,
          "input_tokens": 40,
          "output_tokens": 9,
          "total_time_s": 0.4241133280011127,
          "ttft_s": 0.20651825700042536,
          "tokens_per_sec": 21.220743149992185
        },
        {
          "request_id": 5,
          "input_tokens": 38,
          "output_tokens": 159,
          "total_time_s": 4.722107165001944,
          "ttft_s": 0.20648468999934266,
          "tokens_per_sec": 33.671408641132466
        },
        {
          "request_id": 6,
          "input_tokens": 36,
          "output_tokens": 134,
          "total_time_s": 4.009677924001153,
          "ttft_s": 0.20641406499998993,
          "tokens_per_sec": 33.41914301842102
        },
        {
          "request_id": 7,
          "input_tokens": 38,
          "output_tokens": 256,
          "total_time_s": 7.457050349999918,
          "ttft_s": 0.2062835670003551,
          "tokens_per_sec": 34.329927784382306
        },
        {
          "request_id": 8,
          "input_tokens": 38,
          "output_tokens": 197,
          "total_time_s": 5.795070411000779,
          "ttft_s": 0.20635905800008914,
          "tokens_per_sec": 33.994410081029386
        },
        {
          "request_id": 9,
          "input_tokens": 37,
          "output_tokens": 166,
          "total_time_s": 4.918142473001353,
          "ttft_s": 0.20637258600254427,
          "tokens_per_sec": 33.752580554807835
        },
        {
          "request_id": 10,