{
  "framework": "vllm",
  "model": "Qwen/Qwen2.5-3B-Instruct",
  "dtype": "float16",
  "quantization": null,
  "gpu_memory_serving_mb": 19584.0,
  "short_prompts": {
    "1": {
      "num_requests": 1,
      "concurrency": 1,
      "total_time_s": 1.0942058300006465,
      "avg_ttft_s": 0.9380119899997226,
      "avg_tokens_per_sec": 7.31204754917979,
      "total_throughput_tps": 7.311238690800316,
      "avg_latency_s": 1.0940847889996803,
      "per_request": [
        {
          "request_id": 0,
          "input_tokens": 36,
          "output_tokens": 8,
          "total_time_s": 1.0940847889996803,
          "ttft_s": 0.9380119899997226,
          "tokens_per_sec": 7.31204754917979
        }
      ],
      "gpu_memory_mb": 19586.0
    },
    "2": {
      "num_requests": 2,
      "concurrency": 2,
      "total_time_s": 0.788184915999409,
      "avg_ttft_s": 0.05466677350023019,
      "avg_tokens_per_sec": 35.10927624167013,
      "total_throughput_tps": 48.21203657750346,
      "avg_latency_s": 0.5183861489999799,
      "per_request": [
        {
          "request_id": 0,
          "input_tokens": 36,
          "output_tokens": 8,
          "total_time_s": 0.24890131800020754,
          "ttft_s": 0.06766284100012854,
          "tokens_per_sec": 32.14125206035803
        },
        {
          "request_id": 1,
          "input_tokens": 40,
          "output_tokens": 30,
          "total_time_s": 0.7878709799997523,
          "ttft_s": 0.04167070600033185,
          "tokens_per_sec": 38.07730042298224
        }
      ],
      "gpu_memory_mb": 19586.0
    },
    "4": {
      "num_requests": 4,
      "concurrency": 4,
      "total_time_s": 6.692384556000434,
      "avg_ttft_s": 0.06735810325017155,
      "avg_tokens_per_sec": 36.017124998700766,
      "total_throughput_tps": 82.18296414345565,
      "avg_latency_s": 3.6107987587499792,
      "per_request": [
        {
          "request_id": 0,
          "input_tokens": 36,
          "output_tokens": 8,
          "total_time_s": 0.25695495400032087,
          "ttft_s": 0.07478793100017356,
          "tokens_per_sec": 31.133861696202246
        },
        {
          "request_id": 1,
          "input_tokens": 40,
          "output_tokens": 30,
          "total_time_s": 0.8268002029999479,
          "ttft_s": 0.07462751700040826,
          "tokens_per_sec": 36.284461337997385
        },
        {
          "request_id": 2,
          "input_tokens": 41,
          "output_tokens": 256,
          "total_time_s": 6.691946425000424,
          "ttft_s": 0.07449427200026548,
          "tokens_per_sec": 38.25493865934286
        },
        {
          "request_id": 3,
          "input_tokens": 38,
          "output_tokens": 256,
          "total_time_s": 6.667493452999224,
          "ttft_s": 0.04552269299983891,
          "tokens_per_sec": 38.395238301260584
        }
      ],
      "gpu_memory_mb": 19586.0
    },
    "8": {
      "num_requests": 8,
      "concurrency": 8,
      "total_time_s": 6.7394415119997575,
      "avg_ttft_s": 0.0769154807500172,
      "avg_tokens_per_sec": 35.809066577591985,
      "total_throughput_tps": 194.82326505277447,
      "avg_latency_s": 4.336900973625347,
      "per_request": [
        {
          "request_id": 0,
          "input_tokens": 36,
          "output_tokens": 8,
          "total_time_s": 0.26428228999975545,
          "ttft_s": 0.08107158999973763,
          "tokens_per_sec": 30.2706624799089
        },
        {
          "request_id": 1,
          "input_tokens": 40,
          "output_tokens": 30,
          "total_time_s": 0.8372447460005787,
          "ttft_s": 0.08110659700014367,
          "tokens_per_sec": 35.8318163754464
        },
        {
          "request_id": 2,
          "input_tokens": 41,
          "output_tokens": 256,
          "total_time_s": 6.738808642000549,
          "ttft_s": 0.08096050000040123,
          "tokens_per_sec": 37.988910740756886
        },
        {
          "request_id": 3,
          "input_tokens": 38,
          "output_tokens": 256,
          "total_time_s": 6.713285446000555,
          "ttft_s": 0.04880956099987088,
          "tokens_per_sec": 38.1333405318721
        },
        {
          "request_id": 4,
          "input_tokens": 40,
          "output_tokens": 8,
          "total_time_s": 0.26401729300050647,
          "ttft_s": 0.08090089699999226,
          "tokens_per_sec": 30.301045469717216
        },
        {
          "request_id": 5,
          "input_tokens": 38,
          "output_tokens": 256,
          "total_time_s": 6.738704389999839,
          "ttft_s": 0.08085825299986027,
          "tokens_per_sec": 37.98949845313012
        },
        {
          "request_id": 6,
          "input_tokens": 36,
          "output_tokens": 243,
          "total_time_s": 6.400286789000347,
          "ttft_s": 0.08083208900006866,
          "tokens_per_sec": 37.96704866688542
        },
        {
          "request_id": 7,
          "input_tokens": 38,
          "output_tokens": 256,
          "total_time_s": 6.738578193000649,
          "ttft_s": 0.08078435900006298,
          "tokens_per_sec": 37.99020990301883
        }
      ],
      "gpu_memory_mb": 19586.0
    },
    "16": {
      "num_requests": 16,
      "concurrency": 16,
      "total_time_s": 6.951215007999963,
      "avg_ttft_s": 0.19203472006239508,
      "avg_tokens_per_sec": 32.95599055954444,
      "total_throughput_tps": 371.7335742062568,
      "avg_latency_s": 4.446003638249863,
      "per_request": [
        {
          "request_id": 0,
          "input_tokens": 36,
          "output_tokens": 8,
          "total_time_s": 0.3846627160000935,
          "ttft_s": 0.20172516699949483,
          "tokens_per_sec": 20.797440633674658
        },
        {
          "request_id": 1,
          "input_tokens": 40,
          "output_tokens": 30,
          "total_time_s": 0.9647033609999198,
          "ttft_s": 0.20133033399997657,
          "tokens_per_sec": 31.097642252334282
        },
        {
          "request_id": 2,
          "input_tokens": 41,
          "output_tokens": 256,
          "total_time_s": 6.950637702999302,
          "ttft_s": 0.20134940999923856,
          "tokens_per_sec": 36.83115290119815
        },
        {
          "request_id": 3,
          "input_tokens": 38,
          "output_tokens": 256,
          "total_time_s": 6.9501496029997725,
          "ttft_s": 0.2010160800000449,
          "tokens_per_sec": 36.83373950533485
        },
        {
          "request_id": 4,
          "input_tokens": 40,
          "output_tokens": 8,
          "total_time_s": 0.35725600400019175,
          "ttft_s": 0.05900564600051439,
          "tokens_per_sec": 22.392905676669066
        },
        {
          "request_id": 5,
          "input_tokens": 38,
          "output_tokens": 256,
          "total_time_s": 6.9500552139998035,
          "ttft_s": 0.20089598699996714,
          "tokens_per_sec": 36.83423974594157
        },
        {
          "request_id": 6,
          "input_tokens": 36,
          "output_tokens": 243,
          "total_time_s": 6.6072946889999,
          "ttft_s": 0.20115526900008263,
          "tokens_per_sec": 36.777533232255635
        },
        {
          "request_id": 7,
          "input_tokens": 38,
          "output_tokens": 256,
          "total_time_s": 6.950275682999745,
          "ttft_s": 0.2010603959997752,
          "tokens_per_sec": 36.833071330705856
        },
        {
          "request_id": 8,
          "input_tokens": 38,
          "output_tokens": 256,
          "total_time_s": 6.950074001999383,
          "ttft_s": 0.20072646599965083,
          "tokens_per_sec": 36.83414017265923
        },
        {
          "request_id": 9,
          "input_tokens": 37,
          "output_tokens": 187,
          "total_time_s": 5.119853107999916,
          "ttft_s": 0.20087313200019707,
          "tokens_per_sec": 36.52448538177926
        },
        {
          "request_id": 10,
          "input_tokens": 39,