{
  "framework": "vllm",
  "model": "Qwen/Qwen2.5-1.5B-Instruct",
  "dtype": "float16",
  "quantization": null,
  "gpu_memory_serving_mb": 19572.0,
  "short_prompts": {
    "1": {
      "num_requests": 1,
      "concurrency": 1,
      "total_time_s": 1.0182255850004367,
      "avg_ttft_s": 0.9365550060001624,
      "avg_tokens_per_sec": 7.857665894254504,
      "total_throughput_tps": 7.856805130266461,
      "avg_latency_s": 1.018114043999958,
      "per_request": [
        {
          "request_id": 0,
          "input_tokens": 36,
          "output_tokens": 8,
          "total_time_s": 1.018114043999958,
          "ttft_s": 0.9365550060001624,
          "tokens_per_sec": 7.857665894254504
        }
      ],
      "gpu_memory_mb": 19574.0
    },
    "2": {
      "num_requests": 2,
      "concurrency": 2,
      "total_time_s": 0.38589020800009166,
      "avg_ttft_s": 0.035220101500271994,
      "avg_tokens_per_sec": 65.9751424289887,
      "total_throughput_tps": 93.29078389050869,
      "avg_latency_s": 0.260207146999619,
      "per_request": [
        {
          "request_id": 0,
          "input_tokens": 36,
          "output_tokens": 8,
          "total_time_s": 0.1348330069995427,
          "ttft_s": 0.04138978900027723,
          "tokens_per_sec": 59.33265287206071
        },
        {
          "request_id": 1,
          "input_tokens": 40,
          "output_tokens": 28,
          "total_time_s": 0.3855812869996953,
          "ttft_s": 0.029050414000266755,
          "tokens_per_sec": 72.6176319859167
        }
      ],
      "gpu_memory_mb": 19574.0
    },
    "4": {
      "num_requests": 4,
      "concurrency": 4,
      "total_time_s": 3.4421499059999405,
      "avg_ttft_s": 0.04255115025011946,
      "avg_tokens_per_sec": 68.59434636920692,
      "total_throughput_tps": 158.62179594452834,
      "avg_latency_s": 1.8545143410001401,
      "per_request": [
        {
          "request_id": 0,
          "input_tokens": 36,
          "output_tokens": 8,
          "total_time_s": 0.1399773670000286,
          "ttft_s": 0.04631293500005995,
          "tokens_per_sec": 57.15209659571868
        },
        {
          "request_id": 1,
          "input_tokens": 40,
          "output_tokens": 28,
          "total_time_s": 0.40712546999930055,
          "ttft_s": 0.04612174999965646,
          "tokens_per_sec": 68.77486687346804
        },
        {
          "request_id": 2,
          "input_tokens": 41,
          "output_tokens": 256,
          "total_time_s": 3.44172396400063,
          "ttft_s": 0.03200120100063941,
          "tokens_per_sec": 74.38132827550406
        },
        {
          "request_id": 3,
          "input_tokens": 38,
          "output_tokens": 254,
          "total_time_s": 3.4292305630006013,
          "ttft_s": 0.04576871500012203,
          "tokens_per_sec": 74.06909373213686
        }
      ],
      "gpu_memory_mb": 19574.0
    },
    "8": {
      "num_requests": 8,
      "concurrency": 8,
      "total_time_s": 3.4832403329992303,
      "avg_ttft_s": 0.05127755275009349,
      "avg_tokens_per_sec": 68.8741416011893,
      "total_throughput_tps": 288.8115386324169,
      "avg_latency_s": 1.730562643249982,
      "per_request": [
        {
          "request_id": 0,
          "input_tokens": 36,
          "output_tokens": 8,
          "total_time_s": 0.14857130000018515,
          "ttft_s": 0.053554138999970746,
          "tokens_per_sec": 53.8462004437602
        },
        {
          "request_id": 1,
          "input_tokens": 40,
          "output_tokens": 28,
          "total_time_s": 0.4179008500004784,
          "ttft_s": 0.05327418200067768,
          "tokens_per_sec": 67.00153876204834
        },
        {
          "request_id": 2,
          "input_tokens": 41,
          "output_tokens": 256,
          "total_time_s": 3.47082339499957,
          "ttft_s": 0.03885190100027103,
          "tokens_per_sec": 73.7577141979682
        },
        {
          "request_id": 3,
          "input_tokens": 38,
          "output_tokens": 254,
          "total_time_s": 3.4576749759999075,
          "ttft_s": 0.053118137000637944,
          "tokens_per_sec": 73.45976754988286
        },
        {
          "request_id": 4,
          "input_tokens": 40,
          "output_tokens": 24,
          "total_time_s": 0.3634171329995297,
          "ttft_s": 0.05287127099927602,
          "tokens_per_sec": 66.0398143640384
        },
        {
          "request_id": 5,
          "input_tokens": 38,
          "output_tokens": 116,
          "total_time_s": 1.6019423560001087,
          "ttft_s": 0.05296103900036542,
          "tokens_per_sec": 72.41209370956425
        },
        {
          "request_id": 6,
          "input_tokens": 36,
          "output_tokens": 64,
          "total_time_s": 0.9019093910001175,
          "ttft_s": 0.05285976300001494,
          "tokens_per_sec": 70.96056503972211
        },
        {
          "request_id": 7,
          "input_tokens": 38,
          "output_tokens": 256,
          "total_time_s": 3.4822617449999598,
          "ttft_s": 0.052729989999534155,
          "tokens_per_sec": 73.51543874252995
        }
      ],
      "gpu_memory_mb": 19574.0
    },
    "16": {
      "num_requests": 16,
      "concurrency": 16,
      "total_time_s": 3.6951648560007015,
      "avg_ttft_s": 0.19712093093744443,
      "avg_tokens_per_sec": 58.59265051920635,
      "total_throughput_tps": 585.9007877508318,
      "avg_latency_s": 2.044902809000007,
      "per_request": [
        {
          "request_id": 0,
          "input_tokens": 36,
          "output_tokens": 8,
          "total_time_s": 0.30204447699998127,
          "ttft_s": 0.20797648099960497,
          "tokens_per_sec": 26.486165479531333
        },
        {
          "request_id": 1,
          "input_tokens": 40,
          "output_tokens": 28,
          "total_time_s": 0.5782501530002264,
          "ttft_s": 0.20721293200040236,
          "tokens_per_sec": 48.42195000679755
        },
        {
          "request_id": 2,
          "input_tokens": 41,
          "output_tokens": 256,
          "total_time_s": 3.6945936280008027,
          "ttft_s": 0.207685484000649,
          "tokens_per_sec": 69.29043509949571
        },
        {
          "request_id": 3,
          "input_tokens": 38,
          "output_tokens": 254,
          "total_time_s": 3.6542506779996984,
          "ttft_s": 0.051903842999308836,
          "tokens_per_sec": 69.50809410235566
        },
        {
          "request_id": 4,
          "input_tokens": 40,
          "output_tokens": 24,
          "total_time_s": 0.5225446020003801,
          "ttft_s": 0.20659136100039177,
          "tokens_per_sec": 45.92909372352973
        },
        {
          "request_id": 5,
          "input_tokens": 38,
          "output_tokens": 116,
          "total_time_s": 1.7871201299994937,
          "ttft_s": 0.20724975599932804,
          "tokens_per_sec": 64.90889898936614
        },
        {
          "request_id": 6,
          "input_tokens": 36,
          "output_tokens": 64,
          "total_time_s": 1.0706840470002135,
          "ttft_s": 0.20722070800002257,
          "tokens_per_sec": 59.77487026103719
        },
        {
          "request_id": 7,
          "input_tokens": 38,
          "output_tokens": 256,
          "total_time_s": 3.6941516240003693,
          "ttft_s": 0.20691631000045163,
          "tokens_per_sec": 69.29872567677108
        },
        {
          "request_id": 8,
          "input_tokens": 38,
          "output_tokens": 256,
          "total_time_s": 3.6940274560001853,
          "ttft_s": 0.20670810600040568,
          "tokens_per_sec": 69.30105502713057
        },
        {
          "request_id": 9,
          "input_tokens": 37,
          "output_tokens": 172,
          "total_time_s": 2.5525047729997823,
          "ttft_s": 0.2068663310001284,
          "tokens_per_sec": 67.38479074335297
        },
        {
          "request_id": 10,
          "input_tokens": 39,