{
  "framework": "vllm",
  "model": "meta-llama/Llama-3.2-1B-Instruct",
  "dtype": "float16",
  "quantization": null,
  "gpu_memory_serving_mb": 19480.0,
  "short_prompts": {
    "1": {
      "num_requests": 1,
      "concurrency": 1,
      "total_time_s": 0.9082858619985927,
      "avg_ttft_s": 0.8394145829988702,
      "avg_tokens_per_sec": 8.808825386862779,
      "total_throughput_tps": 8.807799762947752,
      "avg_latency_s": 0.9081801089996588,
      "per_request": [
        {
          "request_id": 0,
          "input_tokens": 42,
          "output_tokens": 8,
          "total_time_s": 0.9081801089996588,
          "ttft_s": 0.8394145829988702,
          "tokens_per_sec": 8.808825386862779
        }
      ],
      "gpu_memory_mb": 19482.0
    },
    "2": {
      "num_requests": 2,
      "concurrency": 2,
      "total_time_s": 0.6429075970008853,
      "avg_ttft_s": 0.029736989499724586,
      "avg_tokens_per_sec": 84.3070080752747,
      "total_throughput_tps": 107.32491002109745,
      "avg_latency_s": 0.37556858400057536,
      "per_request": [
        {
          "request_id": 0,
          "input_tokens": 42,
          "output_tokens": 8,
          "total_time_s": 0.1085754129999259,
          "ttft_s": 0.03520386400123243,
          "tokens_per_sec": 73.68150651202643
        },
        {
          "request_id": 1,
          "input_tokens": 46,
          "output_tokens": 61,
          "total_time_s": 0.6425617550012248,
          "ttft_s": 0.02427011499821674,
          "tokens_per_sec": 94.93250963852296
        }
      ],
      "gpu_memory_mb": 19482.0
    },
    "4": {
      "num_requests": 4,
      "concurrency": 4,
      "total_time_s": 2.7079172560006555,
      "avg_ttft_s": 0.03612667249944934,
      "avg_tokens_per_sec": 88.27536703597153,
      "total_throughput_tps": 214.55603885699355,
      "avg_latency_s": 1.5458918070007712,
      "per_request": [
        {
          "request_id": 0,
          "input_tokens": 42,
          "output_tokens": 8,
          "total_time_s": 0.11261750500125345,
          "ttft_s": 0.03942284300137544,
          "tokens_per_sec": 71.03691384310955
        },
        {
          "request_id": 1,
          "input_tokens": 46,
          "output_tokens": 61,
          "total_time_s": 0.6562748670003202,
          "ttft_s": 0.026980733997334028,
          "tokens_per_sec": 92.94885888106124
        },
        {
          "request_id": 2,
          "input_tokens": 47,
          "output_tokens": 256,
          "total_time_s": 2.7074160859992844,
          "ttft_s": 0.03919181599849253,
          "tokens_per_sec": 94.55510046048668
        },
        {
          "request_id": 3,
          "input_tokens": 44,
          "output_tokens": 256,
          "total_time_s": 2.707258770002227,
          "ttft_s": 0.03891129700059537,
          "tokens_per_sec": 94.56059495922861
        }
      ],
      "gpu_memory_mb": 19482.0
    },
    "8": {
      "num_requests": 8,
      "concurrency": 8,
      "total_time_s": 2.749447363999934,
      "avg_ttft_s": 0.04564741900003355,
      "avg_tokens_per_sec": 88.82044385760977,
      "total_throughput_tps": 482.64244566932246,
      "avg_latency_s": 1.7942702421246395,
      "per_request": [
        {
          "request_id": 0,
          "input_tokens": 42,
          "output_tokens": 8,
          "total_time_s": 0.12199965399850043,
          "ttft_s": 0.04785592899861513,
          "tokens_per_sec": 65.57395646464975
        },
        {
          "request_id": 1,
          "input_tokens": 46,
          "output_tokens": 61,
          "total_time_s": 0.6848587240019697,
          "ttft_s": 0.04731316900142701,
          "tokens_per_sec": 89.0694647847175
        },
        {
          "request_id": 2,
          "input_tokens": 47,
          "output_tokens": 256,
          "total_time_s": 2.748930925001332,
          "ttft_s": 0.047150168000371195,
          "tokens_per_sec": 93.12711267922309
        },
        {
          "request_id": 3,
          "input_tokens": 44,
          "output_tokens": 256,
          "total_time_s": 2.738141777997953,
          "ttft_s": 0.03441936200033524,
          "tokens_per_sec": 93.49406303832065
        },
        {
          "request_id": 4,
          "input_tokens": 46,
          "output_tokens": 107,
          "total_time_s": 1.1741386619978584,
          "ttft_s": 0.047093254997889744,
          "tokens_per_sec": 91.13063342785587
        },
        {
          "request_id": 5,
          "input_tokens": 44,
          "output_tokens": 222,
          "total_time_s": 2.391024776999984,
          "ttft_s": 0.0470645310015243,
          "tokens_per_sec": 92.84721853804591
        },
        {
          "request_id": 6,
          "input_tokens": 42,
          "output_tokens": 161,
          "total_time_s": 1.7466427170002135,
          "ttft_s": 0.047245236000890145,
          "tokens_per_sec": 92.17683641478254
        },
        {
          "request_id": 7,
          "input_tokens": 44,
          "output_tokens": 256,
          "total_time_s": 2.7484246999993047,
          "ttft_s": 0.04703770199921564,
          "tokens_per_sec": 93.14426551328285
        }
      ],
      "gpu_memory_mb": 19482.0
    },
    "16": {
      "num_requests": 16,
      "concurrency": 16,
      "total_time_s": 2.9550949039985426,
      "avg_ttft_s": 0.19431124649941012,
      "avg_tokens_per_sec": 75.26635832423004,
      "total_throughput_tps": 861.9012528340971,
      "avg_latency_s": 1.9075901616242845,
      "per_request": [
        {
          "request_id": 0,
          "input_tokens": 42,
          "output_tokens": 8,
          "total_time_s": 0.27740551399983815,
          "ttft_s": 0.20485570500022732,
          "tokens_per_sec": 28.838648102736226
        },
        {
          "request_id": 1,
          "input_tokens": 46,
          "output_tokens": 61,
          "total_time_s": 0.836652308000339,
          "ttft_s": 0.0479997149996052,
          "tokens_per_sec": 72.90961779068599
        },
        {
          "request_id": 2,
          "input_tokens": 47,
          "output_tokens": 256,
          "total_time_s": 2.9545459559994924,
          "ttft_s": 0.20468557699859957,
          "tokens_per_sec": 86.64613914031939
        },
        {
          "request_id": 3,
          "input_tokens": 44,
          "output_tokens": 256,
          "total_time_s": 2.954402781997487,
          "ttft_s": 0.2045578029974422,
          "tokens_per_sec": 86.65033811906888
        },
        {
          "request_id": 4,
          "input_tokens": 46,
          "output_tokens": 107,
          "total_time_s": 1.3443582899999456,
          "ttft_s": 0.20394335800301633,
          "tokens_per_sec": 79.59187725171415
        },
        {
          "request_id": 5,
          "input_tokens": 44,
          "output_tokens": 222,
          "total_time_s": 2.5867035260016564,
          "ttft_s": 0.20446194100077264,
          "tokens_per_sec": 85.82351930495565
        },
        {
          "request_id": 6,
          "input_tokens": 42,
          "output_tokens": 161,
          "total_time_s": 1.9280577600002289,
          "ttft_s": 0.20388320399797522,
          "tokens_per_sec": 83.5037224195923
        },
        {
          "request_id": 7,
          "input_tokens": 44,
          "output_tokens": 256,
          "total_time_s": 2.9538897540005564,
          "ttft_s": 0.2041311749999295,
          "tokens_per_sec": 86.66538744490725
        },
        {
          "request_id": 8,
          "input_tokens": 44,
          "output_tokens": 256,
          "total_time_s": 2.9541293369984487,
          "ttft_s": 0.2042836629989324,
          "tokens_per_sec": 86.65835879078656
        },
        {
          "request_id": 9,
          "input_tokens": 43,
          "output_tokens": 239,
          "total_time_s": 2.7698876049980754,
          "ttft_s": 0.20394038599988562,
          "tokens_per_sec": 86.28508953530844
        },
        {
          "request_id": 10,