{
  "framework": "vllm",
  "model": "Qwen/Qwen2.5-1.5B-Instruct",
  "dtype": "float16",
  "gpu_memory_serving_mb": 40322.0,
  "short_prompts": {
    "1": {
      "num_requests": 1,
      "concurrency": 1,
      "total_time_s": 0.2420174009166658,
      "avg_ttft_s": 0.2002240950241685,
      "avg_tokens_per_sec": 28.934058337206974,
      "total_throughput_tps": 28.923540098715133,
      "avg_latency_s": 0.2419294216670096,
      "per_request": [
        {
          "request_id": 0,
          "input_tokens": null,
          "output_tokens": 7,
          "total_time_s": 0.2419294216670096,
          "ttft_s": 0.2002240950241685,
          "tokens_per_sec": 28.934058337206974
        }
      ],
      "gpu_memory_mb": 40324.0
    },
    "2": {
      "num_requests": 2,
      "concurrency": 2,
      "total_time_s": 0.18423616839572787,
      "avg_ttft_s": 0.02215718454681337,
      "avg_tokens_per_sec": 126.62746883457838,
      "total_throughput_tps": 184.5457398298151,
      "avg_latency_s": 0.12485809903591871,
      "per_request": [
        {
          "request_id": 0,
          "input_tokens": null,
          "output_tokens": 7,
          "total_time_s": 0.06571963801980019,
          "ttft_s": 0.02308168914169073,
          "tokens_per_sec": 106.51306384084194
        },
        {
          "request_id": 1,
          "input_tokens": null,
          "output_tokens": 27,
          "total_time_s": 0.18399656005203724,
          "ttft_s": 0.021232679951936007,
          "tokens_per_sec": 146.74187382831482
        }
      ],
      "gpu_memory_mb": 40324.0
    },
    "4": {
      "num_requests": 4,
      "concurrency": 4,
      "total_time_s": 1.5668904571793973,
      "avg_ttft_s": 0.02446229476481676,
      "avg_tokens_per_sec": 142.58996463377963,
      "total_throughput_tps": 348.46086240315077,
      "avg_latency_s": 0.8481791928643361,
      "per_request": [
        {
          "request_id": 0,
          "input_tokens": null,
          "output_tokens": 7,
          "total_time_s": 0.0683491169475019,
          "ttft_s": 0.025173124857246876,
          "tokens_per_sec": 102.41536851714723
        },
        {
          "request_id": 1,
          "input_tokens": null,
          "output_tokens": 27,
          "total_time_s": 0.19134943280369043,
          "ttft_s": 0.02508348599076271,
          "tokens_per_sec": 141.1031096585475
        },
        {
          "request_id": 2,
          "input_tokens": null,
          "output_tokens": 256,
          "total_time_s": 1.5664835018105805,
          "ttft_s": 0.02498037600889802,
          "tokens_per_sec": 163.42336175523639
        },
        {
          "request_id": 3,
          "input_tokens": null,
          "output_tokens": 256,
          "total_time_s": 1.5665347198955715,
          "ttft_s": 0.022612192202359438,
          "tokens_per_sec": 163.4180186041874
        }
      ],
      "gpu_memory_mb": 40324.0
    },
    "8": {
      "num_requests": 8,
      "concurrency": 8,
      "total_time_s": 1.6059545180760324,
      "avg_ttft_s": 0.029138772282749414,
      "avg_tokens_per_sec": 141.3331097421759,
      "total_throughput_tps": 584.0763168833348,
      "avg_latency_s": 0.7533307078992948,
      "per_request": [
        {
          "request_id": 0,
          "input_tokens": null,
          "output_tokens": 7,
          "total_time_s": 0.07425831304863095,
          "ttft_s": 0.030000426340848207,
          "tokens_per_sec": 94.26554028255094
        },
        {
          "request_id": 1,
          "input_tokens": null,
          "output_tokens": 27,
          "total_time_s": 0.1990041839890182,
          "ttft_s": 0.02642954606562853,
          "tokens_per_sec": 135.67553937202626
        },
        {
          "request_id": 2,
          "input_tokens": null,
          "output_tokens": 256,
          "total_time_s": 1.6055871159769595,
          "ttft_s": 0.029546222183853388,
          "tokens_per_sec": 159.44323260480977
        },
        {
          "request_id": 3,
          "input_tokens": null,
          "output_tokens": 256,
          "total_time_s": 1.6054155207239091,
          "ttft_s": 0.029612396843731403,
          "tokens_per_sec": 159.4602747359545
        },
        {
          "request_id": 4,
          "input_tokens": null,
          "output_tokens": 23,
          "total_time_s": 0.17404432594776154,
          "ttft_s": 0.0296167959459126,
          "tokens_per_sec": 132.15024319094047
        },
        {
          "request_id": 5,
          "input_tokens": null,
          "output_tokens": 83,
          "total_time_s": 0.5456939237192273,
          "ttft_s": 0.029251739848405123,
          "tokens_per_sec": 152.09991607439173
        },
        {
          "request_id": 6,
          "input_tokens": null,
          "output_tokens": 30,
          "total_time_s": 0.21721683396026492,
          "ttft_s": 0.029287294019013643,
          "tokens_per_sec": 138.11084276040893
        },
        {
          "request_id": 7,
          "input_tokens": null,
          "output_tokens": 256,
          "total_time_s": 1.6054254458285868,
          "ttft_s": 0.029365757014602423,
          "tokens_per_sec": 159.45928891632468
        }
      ],
      "gpu_memory_mb": 40326.0
    },
    "16": {
      "num_requests": 16,
      "concurrency": 16,
      "total_time_s": 1.645962986163795,
      "avg_ttft_s": 0.04038982346537523,
      "avg_tokens_per_sec": 133.64136848674315,
      "total_throughput_tps": 1139.7583152050986,
      "avg_latency_s": 0.7786183358402923,
      "per_request": [
        {
          "request_id": 0,
          "input_tokens": null,
          "output_tokens": 7,
          "total_time_s": 0.08669256744906306,
          "ttft_s": 0.04116012342274189,
          "tokens_per_sec": 80.74509967781157
        },
        {
          "request_id": 1,
          "input_tokens": null,
          "output_tokens": 27,
          "total_time_s": 0.2150539644062519,
          "ttft_s": 0.040869621094316244,
          "tokens_per_sec": 125.54988267500673
        },
        {
          "request_id": 2,
          "input_tokens": null,
          "output_tokens": 256,
          "total_time_s": 1.645631954073906,
          "ttft_s": 0.0413720621727407,
          "tokens_per_sec": 155.56333806368403
        },
        {
          "request_id": 3,
          "input_tokens": null,
          "output_tokens": 256,
          "total_time_s": 1.6452054800465703,
          "ttft_s": 0.033667570911347866,
          "tokens_per_sec": 155.60366355742596
        },
        {
          "request_id": 4,
          "input_tokens": null,
          "output_tokens": 23,
          "total_time_s": 0.18987519294023514,
          "ttft_s": 0.04120931215584278,
          "tokens_per_sec": 121.13220080960997
        },
        {
          "request_id": 5,
          "input_tokens": null,
          "output_tokens": 83,
          "total_time_s": 0.5689877630211413,
          "ttft_s": 0.04095210460945964,
          "tokens_per_sec": 145.87308443910428
        },
        {
          "request_id": 6,
          "input_tokens": null,
          "output_tokens": 30,
          "total_time_s": 0.2339895088225603,
          "ttft_s": 0.04128837864845991,
          "tokens_per_sec": 128.21087642330878
        },
        {
          "request_id": 7,
          "input_tokens": null,
          "output_tokens": 256,
          "total_time_s": 1.6451588575728238,
          "ttft_s": 0.040699427947402,
          "tokens_per_sec": 155.60807323961907
        },
        {
          "request_id": 8,
          "input_tokens": null,
          "output_tokens": 7,
          "total_time_s": 0.08603054657578468,
          "ttft_s": 0.04048464400693774,
          "tokens_per_sec": 81.36644806543998
        },
        {
          "request_id": 9,
          "input_tokens": null,
          "output_tokens": 27,
          "total_time_s": 0.21459796000272036,
          "ttft_s": 0.040353793650865555,